{
    "title": "Kushagrah Chawla",
    "subtitle": "Visual Communication Designer",
    "number": {
        "value": "11",
        "label": "Turning Your vision into Realistic visuals "
    },
    "items": [
        {
            "title": "",
            "text": "I’m Kushagrah, a 19-year-old graphic designer. I specialize in creating visually compelling and innovative designs that effectively communicate brand messages. My experience spans across various mediums, including print, digital, and web design, allowing me to deliver cohesive and impactful solutions tailored to each client’s unique needs."
        }
    ]
}