{
    "title": "Send Us Your <br/><strong>Bright Ideas</strong>",
    "subtitle": "Get in Touch",
    "text": "<a href=\"mailto:infoname@domain.com\" target=\"_blank\">infoname@domain.com</a><p>36 East 8th Street, New York, <br />NY 10003, United States.</p>",
    "bg_image": "/images/cta-bg-1.jpg",
    "bg_image2": "/images/cta-circle2.png",
    "social": [
        {
            "link": "https://facebook.com/",
            "icon": "fab fa-facebook-f",
            "title": "Facebook"
        },
        {
            "link": "https://instagram.com/",
            "icon": "fab fa-instagram",
            "title": "Instagram"
        },
        {
            "link": "https://twitter.com/",
            "icon": "fab fa-twitter",
            "title": "Twitter"
        },
        {
            "link": "https://linkedin.com/",
            "icon": "fab fa-linkedin-in",
            "title": "LinkedIn"
        }
    ]
}