{
    "items": [
        {
            "image": "/images/icons/Creativity.gif",
            "title": "Creativity",
            "text": "A good design tells a story; a great design makes you feel it.",
            "link": ""
        },
        {
            "image": "/images/icons/Growth.gif",
            "title": "Growth",
            "text": "Master the rules, then break them with purpose.",
            "link": ""
        },
        {
            "image": "/images/icons/perspective.gif",
            "title": "Perspective",
            "text": "Portfolio is not a collection. it's a reflection of your vision.",
            "link": ""
        }
    ]
}