{
    "items": [
        {
            "image": {
                "desktop": "/images/hero-digital-1.jpg",
                "mobile": "/images/hero-digital-1.jpg"
            },
            "title": "Solid Design and <br />Development Expertise",
            "text": "We build readymade websites, mobile apps <br>and elaborate online business services.",
            "button": {
                "label": "Learn More",
                "link": "/about"
            }
        },
        {
            "video": "/video/video-digital1.mp4",
            "title": "Technology &amp; Mobile <br />App Development",
            "text": "We build readymade websites, mobile apps <br>and elaborate online business services.",
            "button": {
                "label": "View Projects",
                "link": "/projects"
            }
        },
        {
            "image": {
                "desktop": "/images/posts4.jpg",
                "mobile": "/images/posts4.jpg"
            },
            "title": "Modern 3D Animation <br />Product Design",
            "text": "We build readymade websites, mobile apps, and elaborate online business services.",
            "button": {
                "label": "Our Services",
                "link": "/services"
            }
        }
    ]
}